﻿<?xml version="1.0" encoding="utf-8"?>
<!-- 
This template was written to work with NHibernate.Test.
Copy the template to your NHibernate.Test project folder and rename it in hibernate.cfg.xml and change it 
for your own use before compile tests in VisualStudio.
-->
<!-- This is the System.Data.OracleClient.dll provider for Oracle from MS -->
<hibernate-configuration  xmlns="urn:nhibernate-configuration-2.2" >
	<session-factory name="NHibernate.Test">
		<property name="connection.driver_class">NHibernate.Driver.OracleManagedDataClientDriver</property>
		<property name="connection.connection_string">
			User ID=nhibernate;Password=nhibernate;Data Source=(DESCRIPTION = (ADDRESS = (PROTOCOL = TCP)(HOST = localhost)(PORT = 1521)) (CONNECT_DATA = (SERVER = DEDICATED) (SERVICE_NAME = XE)))
		</property>
		<property name="show_sql">false</property>
		<property name="dialect">NHibernate.Dialect.Oracle10gDialect</property>
		<property name="query.substitutions">true 1, false 0, yes 'Y', no 'N'</property>
	</session-factory>
</hibernate-configuration>